Industry Type,Product/Service Details,Stage of Development,Target Market,Revenue Model,Profit Margin,Valuation,AQI Impact,ROI
Renewable Energy,Solar panels & batteries,Growth,Global,Subscription & Sales,25,85,Low,22
Transportation,Electric scooters,Early,Urban commuters,Rental,15,40,Medium,18
Agriculture,Organic farming solutions,Expansion,Farmers & retailers,Direct Sales,30,75,Low,25
Financial Services,AI-powered trading platform,Scaling,Investors,Subscription,40,95,N/A,35
Waste Management,Recycling solutions,Early,Municipalities,Government contracts,20,55,Low,20
Automotive,EV battery recycling,Growth,Car manufacturers,B2B Sales,22,50,Low,19
Manufacturing,Sustainable fabrics,Established,Fashion brands,B2B & B2C,28,65,Medium,24
Industrial Solutions,Carbon capture tech,Early,Heavy industries,Licensing,12,30,Low,16
Mining,Coal & mineral extraction,Mature,Global,Commodity Sales,35,100,High,12
Information Tech,Cloud computing services,Scaling,Businesses,SaaS,45,90,N/A,30
Mining,EV battery recycling,Growth,Heavy industries,Direct Sales,41,73,N/A,12
Industrial Solutions,Organic farming solutions,Growth,Global,Subscription & Sales,17,84,Low,12
Waste Management,Coal & mineral extraction,Expansion,Investors,Government contracts,10,42,Medium,28
Automotive,Electric scooters,Established,Heavy industries,Subscription,36,59,N/A,34
Transportation,EV battery recycling,Growth,Investors,Direct Sales,15,49,Medium,13
Agriculture,Electric scooters,Expansion,Car manufacturers,Licensing,22,34,Low,25
Industrial Solutions,EV battery recycling,Scaling,Municipalities,Rental,10,10,Medium,31
Manufacturing,EV battery recycling,Mature,Municipalities,SaaS,27,22,Medium,23
Waste Management,Recycling solutions,Established,Heavy industries,SaaS,40,81,Medium,29
Mining,Sustainable fabrics,Scaling,Farmers & retailers,Subscription & Sales,29,48,Low,14
Manufacturing,Cloud computing services,Early,Urban commuters,B2B Sales,26,32,Low,18
Information Tech,Organic farming solutions,Mature,Urban commuters,Licensing,22,10,Low,35
Financial Services,Organic farming solutions,Mature,Global,Commodity Sales,10,25,High,31
Industrial Solutions,Cloud computing services,Scaling,Businesses,Direct Sales,49,58,High,31
Transportation,Organic farming solutions,Established,Businesses,B2B & B2C,10,67,N/A,13
Information Tech,Carbon capture tech,Scaling,Farmers & retailers,Commodity Sales,13,21,N/A,18
Mining,Coal & mineral extraction,Scaling,Businesses,Rental,34,66,N/A,31
Automotive,Coal & mineral extraction,Growth,Heavy industries,B2B & B2C,45,25,N/A,25
Automotive,Electric scooters,Mature,Car manufacturers,Subscription & Sales,23,50,Medium,11
Financial Services,Organic farming solutions,Early,Municipalities,B2B Sales,19,34,Low,28
Waste Management,Organic farming solutions,Established,Heavy industries,Commodity Sales,13,96,Low,21
Financial Services,EV battery recycling,Scaling,Fashion brands,Subscription,37,41,High,15
Renewable Energy,Electric scooters,Mature,Global,SaaS,41,25,N/A,16
Transportation,Organic farming solutions,Expansion,Businesses,B2B & B2C,41,53,Medium,33
Renewable Energy,EV battery recycling,Early,Car manufacturers,Government contracts,32,98,Low,31
Renewable Energy,Recycling solutions,Early,Global,Subscription & Sales,29,90,High,27
Financial Services,Recycling solutions,Scaling,Farmers & retailers,B2B & B2C,34,57,N/A,11
Industrial Solutions,Carbon capture tech,Growth,Farmers & retailers,B2B Sales,15,30,Low,23
Manufacturing,Organic farming solutions,Early,Businesses,Commodity Sales,16,13,Low,17
Financial Services,Recycling solutions,Growth,Heavy industries,Rental,16,21,N/A,24
Waste Management,Coal & mineral extraction,Established,Municipalities,B2B Sales,15,64,N/A,17
Financial Services,EV battery recycling,Mature,Businesses,Licensing,15,21,N/A,11
Waste Management,AI-powered trading platform,Expansion,Fashion brands,Commodity Sales,23,51,Low,24
Waste Management,Recycling solutions,Scaling,Heavy industries,Direct Sales,45,49,Low,25
Automotive,Solar panels & batteries,Expansion,Heavy industries,SaaS,47,26,Low,19
Agriculture,Organic farming solutions,Early,Global,B2B & B2C,49,95,High,27
Mining,Cloud computing services,Early,Heavy industries,Subscription & Sales,29,16,N/A,23
Industrial Solutions,Cloud computing services,Scaling,Fashion brands,Government contracts,31,74,Medium,25
Transportation,Cloud computing services,Growth,Municipalities,Government contracts,43,70,N/A,23
Automotive,Organic farming solutions,Growth,Urban commuters,Rental,20,29,N/A,17
Automotive,Cloud computing services,Expansion,Businesses,Licensing,21,47,N/A,20
Manufacturing,Organic farming solutions,Mature,Investors,Subscription,25,55,Medium,23
Transportation,Sustainable fabrics,Scaling,Municipalities,B2B & B2C,41,97,Medium,11
Manufacturing,Sustainable fabrics,Established,Global,Rental,17,75,N/A,17
Manufacturing,Cloud computing services,Expansion,Heavy industries,B2B Sales,31,13,Medium,26
Mining,Carbon capture tech,Mature,Heavy industries,Licensing,22,48,Low,22
Renewable Energy,Organic farming solutions,Early,Heavy industries,Licensing,43,36,Medium,11
Waste Management,Solar panels & batteries,Scaling,Heavy industries,Direct Sales,21,100,N/A,21
Automotive,Recycling solutions,Expansion,Farmers & retailers,Commodity Sales,46,60,Low,26
Automotive,Recycling solutions,Mature,Investors,Commodity Sales,33,94,Medium,29
Automotive,Coal & mineral extraction,Expansion,Municipalities,B2B & B2C,29,27,Low,10
Waste Management,Recycling solutions,Early,Businesses,Licensing,33,48,Medium,19
Industrial Solutions,Cloud computing services,Scaling,Businesses,B2B & B2C,13,87,High,27
Renewable Energy,Electric scooters,Growth,Businesses,B2B & B2C,24,98,Medium,35
Industrial Solutions,Electric scooters,Early,Car manufacturers,Rental,45,55,High,29
Agriculture,Sustainable fabrics,Mature,Investors,Licensing,38,12,Low,23
Renewable Energy,Electric scooters,Scaling,Heavy industries,Commodity Sales,32,47,High,14
Agriculture,Sustainable fabrics,Early,Businesses,Government contracts,42,22,High,15
Information Tech,Electric scooters,Expansion,Car manufacturers,Licensing,17,84,Medium,25
Manufacturing,Sustainable fabrics,Mature,Businesses,Subscription,14,46,Low,35
Transportation,Electric scooters,Scaling,Heavy industries,SaaS,32,96,High,17
Waste Management,Organic farming solutions,Mature,Heavy industries,Rental,42,98,Low,32
Waste Management,Cloud computing services,Established,Urban commuters,Rental,48,66,High,25
Agriculture,Cloud computing services,Early,Investors,Commodity Sales,26,50,N/A,13
Automotive,EV battery recycling,Established,Businesses,B2B & B2C,46,74,High,14
Transportation,Solar panels & batteries,Established,Businesses,Licensing,44,36,High,34
Transportation,Carbon capture tech,Early,Global,Subscription & Sales,30,61,Medium,17
Mining,Organic farming solutions,Growth,Investors,Licensing,36,73,High,18
Information Tech,Organic farming solutions,Established,Urban commuters,Subscription,17,89,High,17
Transportation,Cloud computing services,Established,Businesses,B2B & B2C,11,57,Low,12
Waste Management,Organic farming solutions,Expansion,Businesses,SaaS,27,80,High,13
Manufacturing,Solar panels & batteries,Established,Urban commuters,B2B Sales,43,33,Medium,22
Automotive,Sustainable fabrics,Early,Businesses,Government contracts,42,72,Low,14
Automotive,Coal & mineral extraction,Growth,Heavy industries,Licensing,33,12,Low,12
Automotive,Recycling solutions,Growth,Municipalities,SaaS,22,43,High,27
Waste Management,Organic farming solutions,Scaling,Global,SaaS,22,44,N/A,19
Waste Management,Cloud computing services,Mature,Farmers & retailers,B2B & B2C,13,46,High,10
Industrial Solutions,Recycling solutions,Expansion,Businesses,Subscription & Sales,12,17,N/A,33
Financial Services,Sustainable fabrics,Mature,Farmers & retailers,Direct Sales,16,31,Medium,28
Transportation,Solar panels & batteries,Growth,Heavy industries,Government contracts,12,74,High,18
Automotive,Electric scooters,Mature,Fashion brands,SaaS,45,46,N/A,29
Manufacturing,Organic farming solutions,Scaling,Fashion brands,Commodity Sales,36,76,High,34
Renewable Energy,Coal & mineral extraction,Scaling,Urban commuters,Government contracts,28,62,Low,12
Mining,Organic farming solutions,Expansion,Businesses,Government contracts,17,69,Medium,27
Mining,Organic farming solutions,Early,Investors,Rental,18,47,N/A,15
Manufacturing,Coal & mineral extraction,Expansion,Businesses,B2B & B2C,39,51,N/A,31
Information Tech,EV battery recycling,Mature,Municipalities,Subscription,19,11,Medium,32
Agriculture,Solar panels & batteries,Scaling,Car manufacturers,B2B & B2C,31,70,Medium,24
Information Tech,Sustainable fabrics,Mature,Farmers & retailers,Licensing,19,47,High,24
Information Tech,Cloud computing services,Mature,Global,Direct Sales,10,65,Medium,25
